{"cameraMode":{"drawMode":0,"name":"Shaded","section":"Shading Mode"},"sceneLighting":false,"audioPlay":false,"sceneViewState":{"showFog":true,"showMaterialUpdate":true,"showSkybox":true,"showFlares":true,"showImageEffects":true,"showParticleSystems":true},"in2DMode":false,"pivot":{"x":1.7439751625061036,"y":1.4500000476837159,"z":11.979999542236329},"rotation":{"x":0.528201699256897,"y":-0.02925758995115757,"z":0.018704144284129144,"w":0.8485234379768372},"size":1.1193453073501588,"orthographic":false}