{"cameraMode":{"drawMode":0,"name":"Shaded","section":"Shading Mode"},"sceneLighting":false,"audioPlay":false,"sceneViewState":{"showFog":true,"showMaterialUpdate":true,"showSkybox":true,"showFlares":true,"showImageEffects":true,"showParticleSystems":true},"in2DMode":false,"pivot":{"x":7.347584247589111,"y":1.550727128982544,"z":3.464789867401123},"rotation":{"x":0.3242311477661133,"y":0.2828863561153412,"z":-0.10209428519010544,"w":0.8969814777374268},"size":9.788763999938965,"orthographic":false}