{"cameraMode":{"drawMode":0,"name":"Shaded","section":"Shading Mode"},"sceneLighting":false,"audioPlay":false,"sceneViewState":{"showFog":true,"showMaterialUpdate":true,"showSkybox":true,"showFlares":true,"showImageEffects":true,"showParticleSystems":true},"in2DMode":false,"pivot":{"x":1.7304186820983887,"y":1.5789717435836793,"z":12.00360107421875},"rotation":{"x":0.09916495531797409,"y":-0.2855690121650696,"z":0.030108103528618814,"w":0.9528399109840393},"size":1.301408052444458,"orthographic":false}