{"cameraMode":{"drawMode":0,"name":"Shaded","section":"Shading Mode"},"sceneLighting":true,"audioPlay":false,"sceneViewState":{"showFog":true,"showMaterialUpdate":true,"showSkybox":true,"showFlares":true,"showImageEffects":true,"showParticleSystems":true},"in2DMode":false,"pivot":{"x":-12.688300132751465,"y":6.962985038757324,"z":-3.470550060272217},"rotation":{"x":-0.2921392321586609,"y":0.5718413591384888,"z":-0.22828064858913423,"w":-0.7318381071090698},"size":18.638538360595704,"orthographic":false}