{"cameraMode":{"drawMode":0,"name":"Shaded","section":"Shading Mode"},"sceneLighting":false,"audioPlay":false,"sceneViewState":{"showFog":true,"showMaterialUpdate":true,"showSkybox":true,"showFlares":true,"showImageEffects":true,"showParticleSystems":true},"in2DMode":false,"pivot":{"x":1.7439751625061036,"y":1.4500000476837159,"z":11.979999542236329},"rotation":{"x":0.24557143449783326,"y":0.37960854172706606,"z":-0.10494926571846008,"w":0.8858760595321655},"size":3.913604497909546,"orthographic":false}