{"cameraMode":{"drawMode":0,"name":"Shaded","section":"Shading Mode"},"sceneLighting":false,"audioPlay":false,"sceneViewState":{"showFog":true,"showMaterialUpdate":true,"showSkybox":true,"showFlares":true,"showImageEffects":true,"showParticleSystems":true},"in2DMode":false,"pivot":{"x":4.851372241973877,"y":-4.447237014770508,"z":2.260685920715332},"rotation":{"x":0.528201699256897,"y":-0.02925758995115757,"z":0.018704144284129144,"w":0.8485234379768372},"size":22.0,"orthographic":false}