{"cameraMode":{"drawMode":0,"name":"Shaded","section":"Shading Mode"},"sceneLighting":true,"audioPlay":false,"sceneViewState":{"showFog":true,"showMaterialUpdate":true,"showSkybox":true,"showFlares":true,"showImageEffects":true,"showParticleSystems":true},"in2DMode":false,"pivot":{"x":-2.0283918380737306,"y":0.6828346252441406,"z":-6.205196380615234},"rotation":{"x":-0.0003748563467524946,"y":0.7386792898178101,"z":-0.6742242574691773,"w":-0.0009800423868000508},"size":14.12673282623291,"orthographic":false}